store_id,week_start,promo_label,holiday_week,footfall_actual,rain_mm_actual,store_floor_m2,store_size_category,average_price_eur,returns_eur_after_week,sales_eur,list_price_eur
S01,01/01/2024,Yes,0,464,13.5,579,Large,14.81,242.75,13098.18,17.18
S01,08/01/2024,Yes,0,453,5.0,579,Large,15.25,262.27,14986.99,17.69
S01,15/01/2024,Yes,0,445,13.9,579,Large,14.48,485.51,13223.24,16.8
S01,22/01/2024,Yes,0,446,16.7,579,Large,14.73,398.76,15302.44,17.09
S01,29/01/2024,No,0,395,7.1,579,Large,13.73,180.64,13367.07,15.93
S01,05/02/2024,Yes,0,391,0,579,Large,13.65,502.84,15019.48,15.83
S01,12/02/2024,No,0,384,4.1,579,Large,13.41,360.27,12711.56,15.56
S01,19/02/2024,No,0,444,14.2,579,Large,14.0,488.13,13099.3,16.24
S01,26/02/2024,No,0,357,2.9,579,Large,13.86,672.86,14109.0,16.08
S01,04/03/2024,No,0,390,4.1,579,Large,13.7,562.36,11907.87,15.89
S01,11/03/2024,No,0,355,18.4,579,Large,13.44,153.37,12035.96,15.59
S01,18/03/2024,Yes,0,460,6.0,579,Large,13.64,526.88,13960.89,15.82
S01,25/03/2024,No,0,416,6.6,579,Large,15.0,502.29,12695.53,17.4
S01,01/04/2024,No,0,370,2.0,579,Large,13.83,304.97,13654.94,16.04
S01,08/04/2024,No,0,362,4.9,579,Large,14.99,666.49,13692.29,17.39
S01,15/04/2024,No,0,409,16.5,579,Large,14.64,396.08,13404.97,16.98
S01,22/04/2024,No,0,390,8.9,579,Large,14.48,138.69,13218.95,16.8
S01,29/04/2024,No,0,294,9.8,579,Large,14.78,262.58,11113.89,17.14
S01,06/05/2024,No,0,309,9.5,579,Large,14.95,257.59,12731.46,17.34
S01,13/05/2024,Yes,0,454,16.0,579,Large,14.57,379.49,13215.21,16.9
S01,20/05/2024,No,0,338,0,579,Large,14.6,430.02,12811.46,16.94
S01,27/05/2024,No,0,399,6.4,579,Large,14.61,296.04,10977.0,16.95
S01,03/06/2024,No,0,352,10.1,579,Large,14.23,408.9,11410.87,16.51
S01,10/06/2024,No,0,315,2.8,579,Large,13.64,348.56,10808.35,15.82
S01,17/06/2024,No,0,399,0.6,579,Large,13.89,466.87,10533.22,16.11
S01,24/06/2024,No,0,416,10.5,579,Large,15.02,444.5,9946.02,17.42
S01,01/07/2024,Yes,0,411,8.7,579,Large,15.16,538.01,11113.77,17.59
S01,08/07/2024,No,0,415,6.2,579,Large,14.33,559.12,11391.63,16.62
S01,15/07/2024,Yes,0,429,8.2,579,Large,14.53,231.67,11349.3,16.85
S01,22/07/2024,Yes,0,426,6.4,579,Large,14.67,248.12,11185.1,17.02
S01,29/07/2024,No,0,365,4.6,579,Large,14.98,104.12,10082.55,17.38
S01,05/08/2024,Yes,0,487,6.3,579,Large,14.87,287.59,10157.15,17.25
S01,12/08/2024,No,0,333,18.8,579,Large,14.18,442.52,9468.15,16.45
S01,19/08/2024,No,0,391,5.3,579,Large,13.4,244.24,10769.98,15.54
S01,26/08/2024,No,0,392,6.5,579,Large,13.58,104.04,8268.03,15.75
S01,02/09/2024,Yes,0,424,14.1,579,Large,14.44,505.79,12118.48,16.75
S01,09/09/2024,No,0,366,2.6,579,Large,14.0,133.23,9631.69,16.24
S01,16/09/2024,No,0,441,17.5,579,Large,13.6,238.44,9720.95,15.78
S01,23/09/2024,No,0,348,9.7,579,Large,15.2,337.25,10276.51,17.63
S01,30/09/2024,No,0,427,10.7,579,Large,13.92,247.5,10776.64,16.15
S01,07/10/2024,Yes,0,430,7.9,579,Large,14.71,573.57,11880.3,17.06
S01,14/10/2024,No,0,401,14.2,579,Large,14.45,160.44,10748.77,16.76
S01,21/10/2024,No,0,379,3.7,579,Large,15.21,211.82,10777.39,17.64
S01,28/10/2024,No,0,383,3.2,579,Large,13.45,474.51,10415.54,15.6
S01,04/11/2024,No,0,344,3.3,579,Large,14.94,343.05,11972.82,17.33
S01,11/11/2024,No,0,366,2.4,579,Large,14.81,314.36,11360.3,17.18
S01,18/11/2024,No,0,364,0.0,579,Large,14.08,150.43,12377.79,16.33
S01,25/11/2024,No,0,415,10.7,579,Large,15.11,319.87,12020.25,17.53
S01,02/12/2024,No,0,357,7.1,579,Large,15.18,458.43,11472.08,17.61
S01,09/12/2024,No,1,411,6.5,579,Large,14.75,276.56,14292.52,17.11
S01,16/12/2024,No,1,335,7.5,579,Large,14.82,261.72,12923.12,17.19
S01,23/12/2024,No,1,386,7.7,579,Large,14.54,468.38,13284.24,16.87
S01,30/12/2024,No,0,375,14.4,579,Large,15.29,171.58,11921.74,17.74
S01,06/01/2025,No,0,344,0,579,Large,13.42,501.99,11913.71,15.57
S01,13/01/2025,No,0,325,12.8,579,Large,13.83,355.74,12732.13,16.04
S01,20/01/2025,No,0,429,6.5,579,Large,14.18,571.0,12877.09,16.45
S01,27/01/2025,No,0,413,9.7,579,Large,14.24,474.38,12867.19,16.52
S01,03/02/2025,No,0,403,5.3,579,Large,14.51,558.81,13636.07,16.83
S01,10/02/2025,No,0,369,9.6,579,Large,14.88,614.05,13550.9,17.26
S01,17/02/2025,Yes,0,480,6.3,579,Large,14.35,649.21,13387.28,16.65
S01,24/02/2025,No,0,448,4.9,579,Large,13.65,374.38,12928.57,15.83
S01,03/03/2025,No,0,341,6.3,579,Large,14.08,577.88,12075.54,16.33
S01,10/03/2025,No,0,326,2.6,579,Large,13.4,385.48,13688.82,15.54
S01,17/03/2025,No,0,407,8.9,579,Large,14.71,411.63,13586.86,17.06
S01,24/03/2025,Yes,0,466,8.2,579,Large,14.34,640.43,13257.38,16.63
S01,31/03/2025,No,0,405,7.6,579,Large,14.93,400.41,11604.22,17.32
S01,07/04/2025,No,0,366,6.6,579,Large,14.15,135.56,13265.82,16.41
S01,14/04/2025,Yes,0,404,13.6,579,Large,13.76,647.32,14427.32,15.96
S01,21/04/2025,No,0,398,0,579,Large,13.91,432.05,13201.22,16.14
S01,28/04/2025,Yes,0,451,15.8,579,Large,15.38,475.93,14144.31,17.84
S01,05/05/2025,No,0,401,8.3,579,Large,14.35,466.11,12598.67,16.65
S01,12/05/2025,Yes,0,432,4.7,579,Large,14.54,163.84,12557.28,16.87
S01,19/05/2025,No,0,446,14.2,579,Large,15.03,640.75,14333.13,17.43
S01,26/05/2025,No,0,366,8.2,579,Large,13.86,481.79,11077.71,16.08
S01,02/06/2025,No,0,402,15.3,579,Large,13.7,394.58,11715.91,15.89
S01,09/06/2025,Yes,0,470,0,579,Large,14.5,155.03,11678.22,16.82
S01,16/06/2025,No,0,354,0,579,Large,15.05,217.51,10680.38,17.46
S01,23/06/2025,No,0,381,12.0,579,Large,14.17,471.61,10028.51,16.44
S01,30/06/2025,No,0,384,10.3,579,Large,15.05,259.86,10218.84,17.46
S01,07/07/2025,Yes,0,408,0,579,Large,14.83,253.44,11827.55,17.2
S01,14/07/2025,No,0,413,5.0,579,Large,15.14,153.54,10136.81,17.56
S01,21/07/2025,No,0,342,5.0,579,Large,14.83,151.44,10272.93,17.2
S01,28/07/2025,No,0,432,6.8,579,Large,13.73,124.61,10477.05,15.93
S01,04/08/2025,No,0,354,6.5,579,Large,13.42,358.72,10348.04,15.57
S01,11/08/2025,Yes,0,480,6.0,579,Large,13.69,404.71,11262.46,15.88
S01,18/08/2025,No,0,357,5.5,579,Large,15.24,168.67,10235.99,17.68
S01,25/08/2025,No,0,376,0,579,Large,14.15,449.97,9343.42,16.41
S01,01/09/2025,No,0,326,15.1,579,Large,14.61,388.9,9608.65,16.95
S01,08/09/2025,No,0,372,12.8,579,Large,13.98,199.71,8728.8,16.22
S01,15/09/2025,No,0,441,12.8,579,Large,14.75,130.55,10145.15,17.11
S01,22/09/2025,No,0,412,4.3,579,Large,13.67,446.34,10424.78,15.86
S01,29/09/2025,No,0,381,5.7,579,Large,14.81,329.23,9136.99,17.18
S01,06/10/2025,Yes,0,469,5.0,579,Large,13.7,252.46,11797.12,15.89
S01,13/10/2025,No,0,354,9.5,579,Large,14.23,445.28,11682.85,16.51
S01,20/10/2025,No,0,407,4.4,579,Large,15.06,315.69,10534.14,17.47
S01,27/10/2025,No,0,422,10.0,579,Large,15.15,555.13,11314.83,17.57
S01,03/11/2025,No,0,411,9.9,579,Large,13.65,366.9,10346.96,15.83
S01,10/11/2025,No,0,308,11.6,579,Large,13.6,466.93,13686.36,15.78
S01,17/11/2025,No,0,335,4.5,579,Large,15.2,225.82,10990.04,17.63
S01,24/11/2025,No,0,371,0.9,579,Large,14.16,269.57,11360.72,16.43
S01,01/12/2025,No,0,394,11.0,579,Large,13.68,591.84,12844.24,15.87
S01,08/12/2025,No,1,419,9.8,579,Large,13.58,373.92,13492.35,15.75
S01,15/12/2025,No,1,351,0,579,Large,14.44,257.09,15866.39,16.75
S01,22/12/2025,Yes,1,444,11.5,579,Large,15.01,497.43,14714.06,17.41
S01,29/12/2025,Yes,0,417,6.8,579,Large,15.19,184.48,13926.74,17.62
S02,01/01/2024,promo,0,349,11.2,506,Large,14.89,643.46,13157.83,17.27
S02,08/01/2024,No,0,369,5.0,506,Large,14.88,128.01,10298.6,17.26
S02,15/01/2024,No,0,344,7.3,506,Large,15.18,330.93,11248.85,17.61
S02,22/01/2024,Yes,0,384,5.3,506,Large,15.05,581.58,11987.32,17.46
S02,29/01/2024,No,0,334,3.2,506,Large,13.88,486.11,11019.56,16.1
S02,05/02/2024,No,0,408,9.8,506,Large,14.76,397.72,10710.34,17.12
S02,12/02/2024,No,0,398,1.1,506,Large,14.0,326.94,11954.13,16.24
S02,19/02/2024,No,0,347,1.5,506,Large,14.49,195.3,10178.0,16.81
S02,26/02/2024,No,0,319,10.4,506,Large,14.9,573.77,11797.55,17.28
S02,04/03/2024,No,0,374,5.0,506,Large,15.32,124.38,12022.03,17.77
S02,11/03/2024,No,0,358,7.8,506,Large,14.78,588.83,12043.4,17.14
S02,18/03/2024,No,0,385,15.4,506,Large,13.9,269.41,11092.32,16.12
S02,25/03/2024,No,0,413,5.4,506,Large,14.67,314.15,11862.76,17.02
S02,01/04/2024,No,0,352,2.0,506,Large,14.76,174.51,13179.68,17.12
S02,08/04/2024,No,0,299,6.8,506,Large,14.02,364.44,10302.96,16.26
S02,15/04/2024,No,0,388,3.2,506,Large,13.74,313.84,10226.2,15.94
S02,22/04/2024,Yes,0,425,1.0,506,Large,15.34,174.06,10240.24,17.79
S02,29/04/2024,No,0,329,7.4,506,Large,13.45,207.88,11388.94,15.6
S02,06/05/2024,Yes,0,375,8.4,506,Large,15.23,357.45,11342.82,17.67
S02,13/05/2024,No,0,326,13.9,506,Large,14.1,363.82,11095.17,16.36
S02,20/05/2024,No,0,326,11.1,506,Large,14.5,185.33,10601.11,16.82
S02,20/05/2024,No,0,326,11.1,506,Large,14.5,185.33,10601.11,16.82
S02,27/05/2024,No,0,352,12.0,506,Large,14.69,337.92,9367.9,17.04
S02,03/06/2024,No,0,332,11.1,506,Large,13.88,230.64,10349.75,16.1
S02,10/06/2024,Yes,0,385,9.3,506,Large,15.29,140.07,9822.52,17.74
S02,17/06/2024,No,0,293,12.8,506,Large,13.97,231.64,10219.84,16.21
S02,24/06/2024,No,0,363,10.7,506,Large,14.28,307.46,9504.1,16.56
S02,01/07/2024,No,0,325,8.6,506,Large,13.42,138.17,8831.25,15.57
S02,08/07/2024,No,0,362,12.7,506,Large,14.45,382.77,8797.86,16.76
S02,15/07/2024,No,0,331,9.4,506,Large,14.27,396.13,9730.4,16.55
S02,22/07/2024,No,0,392,3.6,506,Large,13.69,262.25,8092.84,15.88
S02,29/07/2024,No,0,377,11.4,506,Large,14.43,247.76,7761.93,16.74
S02,05/08/2024,No,0,307,6.2,506,Large,13.97,397.02,8046.29,16.21
S02,12/08/2024,No,0,319,1.8,506,Large,13.65,372.5,7857.53,15.83
S02,19/08/2024,No,0,333,3.9,506,Large,15.19,330.01,9116.7,17.62
S02,26/08/2024,No,0,342,1.5,506,Large,15.22,273.56,9151.87,17.66
S02,02/09/2024,No,0,338,0,506,Large,15.39,404.82,8359.25,17.85
S02,09/09/2024,No,0,330,5.8,506,Large,13.66,338.48,8468.62,15.85
S02,16/09/2024,REGULAR,0,369,13.9,506,Large,14.74,345.28,8526.44,17.1
S02,23/09/2024,No,0,343,9.0,506,Large,14.47,451.65,9646.61,16.79
S02,30/09/2024,No,0,365,15.0,506,Large,13.77,428.52,10049.89,15.97
S02,07/10/2024,No,0,316,11.8,506,Large,15.27,353.67,8697.02,17.71
S02,14/10/2024,No,0,340,0,506,Large,13.91,239.36,8429.76,16.14
S02,21/10/2024,No,0,394,5.5,506,Large,14.42,209.79,9890.21,16.73
S02,28/10/2024,No,0,260,10.1,506,Large,13.4,383.88,9625.83,15.54
S02,04/11/2024,No,0,292,6.0,506,Large,14.16,196.67,10357.93,16.43
S02,11/11/2024,No,0,379,2.7,506,Large,14.46,487.66,10456.29,16.77
S02,18/11/2024,No,0,340,14.9,506,Large,13.74,296.2,10046.7,15.94
S02,25/11/2024,No,0,356,6.7,506,Large,14.28,116.56,10503.69,16.56
S02,02/12/2024,No,0,265,1.2,506,Large,14.33,180.17,10200.37,16.62
S02,09/12/2024,No,1,333,9.2,506,Large,14.35,184.75,12715.58,16.65
S02,16/12/2024,Yes,1,348,8.1,506,Large,14.62,482.0,12456.86,16.96
S02,23/12/2024,No,1,382,3.4,506,Large,15.11,299.18,11954.82,17.53
S02,30/12/2024,No,0,296,5.3,506,Large,13.84,231.49,10943.66,16.05
S02,06/01/2025,No,0,313,3.8,506,Large,14.61,379.76,11579.78,16.95
S02,13/01/2025,No,0,340,8.2,506,Large,14.81,488.52,10694.18,17.18
S02,20/01/2025,Yes,0,356,1.9,506,Large,14.68,399.56,12105.5,17.03
S02,27/01/2025,No,0,348,0,506,Large,13.93,286.86,11556.61,16.16
S02,03/02/2025,No,0,349,3.0,506,Large,14.79,152.18,13865.85,17.16
S02,10/02/2025,Yes,0,389,0,506,Large,14.23,605.78,12499.93,16.51
S02,17/02/2025,No,0,364,7.7,506,Large,14.44,588.28,12760.82,16.75
S02,24/02/2025,No,0,347,3.0,506,Large,13.55,346.86,10964.82,15.72
S02,03/03/2025,No,0,323,13.6,506,Large,14.56,196.48,12823.27,16.89
S02,10/03/2025,Yes,0,362,11.2,506,Large,15.25,323.39,14087.19,17.69
S02,17/03/2025,No,0,346,5.0,506,Large,14.14,471.63,11227.7,16.4
S02,24/03/2025,No,0,360,12.8,506,Large,15.06,288.09,11104.57,17.47
S02,31/03/2025,No,0,361,8.9,506,Large,13.46,338.12,11617.34,15.61
S02,07/04/2025,No,0,402,10.7,506,Large,13.97,343.5,11021.19,16.21
S02,14/04/2025,No,0,338,9.9,506,Large,15.03,138.15,11567.48,17.43
S02,21/04/2025,No,0,280,6.9,506,Large,15.28,333.27,10262.45,17.72
S02,28/04/2025,No,0,341,11.4,506,Large,15.34,224.76,11426.2,17.79
S02,05/05/2025,No,0,326,8.3,506,Large,15.06,162.86,11392.31,17.47
S02,12/05/2025,No,0,319,0.5,506,Large,13.94,241.23,10278.96,16.17
S02,19/05/2025,No,0,355,1.7,506,Large,14.38,210.13,10499.45,16.68
S02,26/05/2025,No,0,318,0,506,Large,15.25,139.48,11139.96,17.69
S02,02/06/2025,REGULAR,0,344,24.7,506,Large,14.11,404.26,8949.1,16.37
S02,09/06/2025,No,0,352,6.3,506,Large,15.14,272.7,10580.36,17.56
S02,16/06/2025,No,0,359,4.3,506,Large,14.61,111.61,10590.61,16.95
S02,23/06/2025,No,0,364,4.5,506,Large,14.98,440.37,9538.5,17.38
S02,30/06/2025,No,0,331,2.3,506,Large,13.77,312.87,8420.31,15.97
S02,07/07/2025,Yes,0,390,0,506,Large,13.69,264.29,10464.8,15.88
S02,14/07/2025,Yes,0,340,7.0,506,Large,14.95,208.88,9470.79,17.34
S02,21/07/2025,No,0,325,14.8,506,Large,15.04,381.47,8286.12,17.45
S02,28/07/2025,No,0,364,11.8,506,Large,14.65,249.79,10094.32,16.99
S02,04/08/2025,No,0,347,8.6,506,Large,15.37,286.15,9214.06,17.83
S02,11/08/2025,No,0,301,9.5,506,Large,14.39,443.85,9273.34,16.69
S02,18/08/2025,No,0,416,9.2,506,Large,14.25,150.39,8221.87,16.53
S02,25/08/2025,No,0,359,9.5,506,Large,14.38,115.44,7435.45,16.68
S02,01/09/2025,Yes,0,386,7.8,506,Large,14.99,350.16,7917.22,17.39
S02,08/09/2025,No,0,318,0,506,Large,14.7,165.69,8818.93,17.05
S02,15/09/2025,No,0,336,9.3,506,Large,15.32,259.95,7736.08,17.77
S02,22/09/2025,Yes,0,376,10.1,506,Large,14.67,272.45,10630.4,17.02
S02,29/09/2025,Yes,0,363,6.0,506,Large,14.39,260.65,9546.2,16.69
S02,06/10/2025,No,0,342,5.3,506,Large,15.25,240.26,7810.3,17.69
S02,13/10/2025,No,0,356,0,506,Large,14.48,112.55,9375.19,16.8
S02,20/10/2025,No,0,338,7.5,506,Large,13.74,268.16,9267.65,15.94
S02,27/10/2025,No,0,334,6.2,506,Large,14.34,336.01,10206.86,16.63
S02,03/11/2025,No,0,368,11.7,506,Large,14.31,390.81,10584.46,16.6
S02,10/11/2025,No,0,329,13.2,506,Large,14.86,162.58,10355.16,17.24
S02,17/11/2025,No,0,342,0.9,506,Large,13.93,246.22,11209.6,16.16
S02,24/11/2025,Yes,0,435,4.6,506,Large,14.32,485.74,10476.99,16.61
S02,01/12/2025,No,0,390,5.4,506,Large,13.86,435.11,9783.08,16.08
S02,08/12/2025,Yes,1,421,4.9,506,Large,13.46,412.72,12826.75,15.61
S02,15/12/2025,No,1,309,4.2,506,Large,14.73,262.3,12768.96,17.09
S02,22/12/2025,No,1,398,9.3,506,Large,15.12,552.89,11587.17,17.54
S02,29/12/2025,No,0,349,4.3,506,Large,14.56,271.88,11868.9,16.89
S03,01/01/2024,Yes,0,464,13.6,529,Large,13.58,569.49,12568.13,15.75
S03,08/01/2024,No,0,360,10.3,529,Large,15.2,578.87,11837.7,17.63
S03,15/01/2024,Yes,0,337,0,529,Large,14.05,435.08,13294.47,16.3
S03,22/01/2024,Yes,0,388,6.6,529,Large,15.14,527.08,13851.8,17.56
S03,29/01/2024,No,0,330,11.6,529,Large,15.25,357.02,11867.4,17.69
S03,05/02/2024,No,0,345,1.1,529,Large,13.61,474.73,10957.26,15.79
S03,12/02/2024,No,0,281,12.1,529,Large,13.7,205.07,11364.11,15.89
S03,19/02/2024,No,0,371,1.7,529,Large,13.69,580.98,12157.3,15.88
S03,26/02/2024,No,0,372,14.7,529,Large,14.9,578.38,11972.1,17.28
S03,04/03/2024,Yes,0,421,14.4,529,Large,14.05,412.7,13294.77,16.3
S03,11/03/2024,No,0,405,0.5,529,Large,15.22,297.64,11311.57,17.66
S03,18/03/2024,No,0,359,4.1,529,Large,15.16,396.47,10706.51,17.59
S03,25/03/2024,No,0,372,6.3,529,Large,15.37,556.48,11447.43,17.83
S03,01/04/2024,No,0,341,9.7,529,Large,13.81,434.05,12048.23,16.02
S03,08/04/2024,No,0,376,10.6,529,Large,15.06,329.49,11776.84,17.47
S03,15/04/2024,No,0,322,0,529,Large,13.63,513.27,11114.99,15.81
S03,22/04/2024,No,0,393,13.1,529,Large,13.45,508.02,11553.78,15.6
S03,29/04/2024,Yes,0,393,9.4,529,Large,14.23,549.14,12360.78,16.51
S03,06/05/2024,No,0,360,7.0,529,Large,14.01,312.68,10661.28,16.25
S03,13/05/2024,No,0,342,0.1,529,Large,14.77,462.96,11495.16,17.13
S03,20/05/2024,No,0,345,3.2,529,Large,13.78,361.42,10025.04,15.98
S03,27/05/2024,No,0,357,15.2,529,Large,13.78,156.94,9524.25,15.98
S03,03/06/2024,No,0,312,8.9,529,Large,14.3,270.34,10604.93,16.59
S03,10/06/2024,No,0,395,9.5,529,Large,14.08,414.05,8420.5,16.33
S03,17/06/2024,No,0,376,4.8,529,Large,14.27,291.43,10516.38,16.55
S03,24/06/2024,No,0,375,1.6,529,Large,14.28,346.15,10527.07,16.56
S03,01/07/2024,No,0,378,11.8,529,Large,14.28,410.27,9948.27,16.56
S03,08/07/2024,No,0,363,6.6,529,Large,13.44,209.62,9384.53,15.59
S03,15/07/2024,No,0,456,7.3,529,Large,14.81,171.61,10329.11,17.18
S03,22/07/2024,No,0,367,10.6,529,Large,14.62,365.44,9444.56,16.96
S03,29/07/2024,No,0,352,0,529,Large,13.53,394.59,9385.44,15.69
S03,05/08/2024,Yes,0,400,9.6,529,Large,13.87,417.61,8397.4,16.09
S03,12/08/2024,No,0,443,11.0,529,Large,14.66,171.09,10713.9,17.01
S03,19/08/2024,No,0,334,10.5,529,Large,14.43,109.17,8635.69,16.74
S03,26/08/2024,No,0,377,4.7,529,Large,13.97,475.59,9609.68,16.21
S03,02/09/2024,No,0,384,3.7,529,Large,14.42,272.32,9422.86,16.73
S03,09/09/2024,No,0,333,7.2,529,Large,14.34,191.89,7656.81,16.63
S03,16/09/2024,No,0,388,7.1,529,Large,14.41,176.91,9618.97,16.72
S03,23/09/2024,No,0,369,0,529,Large,14.58,199.66,10295.73,16.91
S03,30/09/2024,No,0,380,4.0,529,Large,15.1,254.69,7931.87,17.52
S03,07/10/2024,No,0,340,5.2,529,Large,15.22,333.78,9747.68,17.66
S03,14/10/2024,No,0,401,6.0,529,Large,14.37,173.04,9869.96,16.67
S03,21/10/2024,No,0,328,0,529,Large,13.56,168.83,10832.54,15.73
S03,28/10/2024,Yes,0,362,3.2,529,Large,13.78,344.25,9814.13,15.98
S03,04/11/2024,No,0,370,2.4,529,Large,14.8,405.95,10246.46,17.17
S03,11/11/2024,No,0,347,0,529,Large,13.93,458.25,10227.55,16.16
S03,18/11/2024,No,0,439,0,529,Large,13.67,360.97,10982.2,15.86
S03,25/11/2024,No,0,390,0.1,529,Large,14.95,444.12,11264.78,17.34
S03,02/12/2024,No,0,326,8.9,529,Large,14.52,410.61,10578.25,16.84
S03,09/12/2024,Yes,1,393,0.3,529,Large,14.71,451.09,13608.54,17.06
S03,16/12/2024,Yes,1,417,0,529,Large,15.07,518.91,13753.22,17.48
S03,23/12/2024,No,1,386,3.8,529,Large,15.31,424.88,13055.33,17.76
S03,30/12/2024,No,0,399,7.3,529,Large,14.17,211.16,12792.03,16.44
S03,06/01/2025,Yes,0,445,8.1,529,Large,15.18,489.32,12278.92,17.61
S03,13/01/2025,No,0,294,4.7,529,Large,14.8,235.64,11043.51,17.17
S03,20/01/2025,No,0,353,2.0,529,Large,14.14,334.86,10894.52,16.4
S03,27/01/2025,Yes,0,365,16.2,529,Large,14.39,553.85,13004.95,16.69
S03,03/02/2025,No,0,365,4.3,529,Large,13.81,145.5,11413.94,16.02
S03,10/02/2025,No,0,340,7.8,529,Large,13.52,407.27,12675.62,15.68
S03,17/02/2025,No,0,296,4.9,529,Large,14.26,453.15,11220.09,16.54
S03,24/02/2025,No,0,373,4.1,529,Large,15.2,349.74,12446.44,17.63
S03,03/03/2025,Yes,0,319,12.2,529,Large,14.05,570.81,82000.0,16.3
S03,10/03/2025,No,0,367,1.7,529,Large,13.73,177.55,11274.44,15.93
S03,17/03/2025,No,0,375,10.2,529,Large,14.27,618.93,12504.07,16.55
S03,24/03/2025,No,0,354,16.8,529,Large,14.77,528.9,13281.24,17.13
S03,31/03/2025,Yes,0,342,2.6,529,Large,15.04,499.87,13522.03,17.45
S03,07/04/2025,No,0,335,6.7,529,Large,15.09,438.32,10131.5,17.5
S03,14/04/2025,No,0,273,16.4,529,Large,14.08,313.28,10645.53,16.33
S03,21/04/2025,No,0,342,10.2,529,Large,15.09,365.5,12511.78,17.5
S03,28/04/2025,No,0,336,7.0,529,Large,15.34,273.28,10061.15,17.79
S03,05/05/2025,No,0,372,4.7,529,Large,15.08,535.56,11699.28,17.49
S03,12/05/2025,Yes,0,373,4.2,529,Large,14.57,138.03,11619.54,16.9
S03,19/05/2025,No,0,388,16.2,529,Large,14.63,292.2,11459.12,16.97
S03,26/05/2025,No,0,401,4.6,529,Large,14.49,208.53,11005.13,16.81
S03,02/06/2025,No,0,393,12.9,529,Large,14.34,560.8,11717.38,16.63
S03,09/06/2025,No,0,373,0.0,529,Large,14.28,461.09,10398.74,16.56
S03,16/06/2025,No,0,393,13.1,529,Large,13.68,296.21,9346.22,15.87
S03,23/06/2025,Yes,0,423,7.3,529,Large,13.66,358.22,10799.65,15.85
S03,30/06/2025,No,0,294,3.3,529,Large,15.25,233.29,9402.34,17.69
S03,07/07/2025,No,0,372,3.8,529,Large,13.55,226.5,10856.5,15.72
S03,14/07/2025,No,0,357,4.9,529,Large,13.49,278.44,9948.99,15.65
S03,21/07/2025,No,0,376,10.3,529,Large,13.71,214.72,9127.33,15.9
S03,28/07/2025,Yes,0,414,7.5,529,Large,14.3,163.67,9353.28,16.59
S03,04/08/2025,Yes,0,398,0.8,529,Large,14.76,440.85,9873.21,17.12
S03,11/08/2025,No,0,361,0,529,Large,15.14,283.98,8868.86,17.56
S03,18/08/2025,No,0,318,8.8,529,Large,14.4,495.12,9973.37,16.7
S03,25/08/2025,Yes,0,445,14.2,529,Large,14.82,163.98,10777.35,17.19
S03,01/09/2025,No,0,317,2.6,529,Large,13.49,131.03,9660.56,15.65
S03,08/09/2025,No,0,303,4.5,529,Large,13.56,108.61,9130.43,15.73
S03,15/09/2025,No,0,363,17.3,529,Large,13.85,141.45,9068.58,16.07
S03,22/09/2025,No,0,317,0,529,Large,14.01,141.55,9951.68,16.25
S03,29/09/2025,No,0,305,8.0,529,Large,14.97,113.08,9963.37,17.37
S03,06/10/2025,No,0,338,6.4,529,Large,13.82,177.01,9144.94,16.03
S03,13/10/2025,No,0,293,5.5,529,Large,13.61,238.13,9667.06,15.79
S03,20/10/2025,No,0,335,13.7,529,Large,14.57,339.62,8727.25,16.9
S03,27/10/2025,No,0,338,15.5,529,Large,14.76,273.25,9524.92,17.12
S03,03/11/2025,No,0,330,1.2,529,Large,13.45,116.48,9684.12,15.6
S03,10/11/2025,Yes,0,454,5.3,529,Large,14.18,116.73,11386.89,16.45
S03,17/11/2025,No,0,314,7.9,529,Large,15.29,220.4,9835.87,17.74
S03,24/11/2025,No,0,362,6.8,529,Large,14.7,489.65,9997.44,17.05
S03,01/12/2025,No,0,364,5.5,529,Large,14.89,281.23,10436.51,17.27
S03,08/12/2025,Yes,1,408,10.4,529,Large,13.44,535.27,14359.78,15.59
S03,15/12/2025,No,1,416,11.1,529,Large,13.52,208.75,12369.7,15.68
S03,22/12/2025,Yes,1,389,4.9,529,Large,14.8,460.56,15263.67,17.17
S03,29/12/2025,No,0,376,12.2,529,Large,14.32,176.85,12606.43,16.61
S04,01/01/2024,promo,0,411,9.5,617,Large,13.9,355.89,14617.0,16.12
S04,08/01/2024,No,0,347,6.7,617,Large,15.11,546.1,13370.05,17.53
S04,15/01/2024,No,0,360,11.1,617,Large,15.36,447.7,13727.33,17.82
S04,22/01/2024,Yes,0,471,8.4,617,Large,13.71,345.76,14139.48,15.9
S04,29/01/2024,No,0,360,12.8,617,Large,14.89,295.21,13566.16,17.27
S04,05/02/2024,No,0,432,4.1,617,Large,14.55,463.0,13330.67,16.88
S04,12/02/2024,No,0,406,7.8,617,Large,14.77,552.42,14319.6,17.13
S04,19/02/2024,Yes,0,504,8.0,617,Large,14.83,319.32,15549.36,17.2
S04,26/02/2024,No,0,343,0,617,Large,14.42,551.86,14022.09,16.73
S04,04/03/2024,No,0,446,6.6,617,Large,13.46,357.71,13897.31,15.61
S04,11/03/2024,No,0,359,7.1,617,Large,15.03,335.6,12584.65,17.43
S04,18/03/2024,No,0,389,8.0,617,Large,14.99,246.97,13569.67,17.39
S04,25/03/2024,Yes,0,421,8.0,617,Large,15.04,705.59,15568.13,17.45
S04,01/04/2024,No,0,418,6.5,617,Large,14.01,319.77,13022.18,16.25
S04,08/04/2024,No,0,391,1.9,617,Large,13.73,155.77,13709.85,15.93
S04,15/04/2024,No,0,414,16.1,617,Large,14.35,591.43,13237.73,16.65
S04,22/04/2024,No,0,376,7.7,617,Large,14.87,362.46,14230.45,17.25
S04,29/04/2024,Yes,0,476,2.0,617,Large,15.07,435.99,15208.32,17.48
S04,06/05/2024,No,0,427,5.5,617,Large,14.67,493.16,12399.23,17.02
S04,13/05/2024,No,0,417,6.2,617,Large,14.62,538.52,13688.94,16.96
S04,20/05/2024,No,0,411,4.3,617,Large,15.04,573.47,14038.51,17.45
S04,27/05/2024,Yes,0,465,7.0,617,Large,14.08,433.75,13123.04,16.33
S04,03/06/2024,Yes,0,447,0,617,Large,13.58,538.31,12331.84,15.75
S04,10/06/2024,No,0,426,4.1,617,Large,13.77,571.07,11930.4,15.97
S04,17/06/2024,Yes,0,426,0,617,Large,13.88,381.72,13280.41,16.1
S04,24/06/2024,No,0,351,1.1,617,Large,13.72,309.37,12042.8,15.92
S04,01/07/2024,No,0,456,6.9,617,Large,13.76,209.23,11166.3,15.96
S04,08/07/2024,No,0,471,7.1,617,Large,13.92,330.31,11672.43,16.15
S04,15/07/2024,No,0,369,0,617,Large,14.46,311.31,12238.44,16.77
S04,22/07/2024,Yes,0,471,16.2,617,Large,15.1,212.16,10703.92,17.52
S04,29/07/2024,Yes,0,546,11.6,617,Large,15.01,323.23,11372.75,17.41
S04,05/08/2024,No,0,427,4.9,617,Large,14.26,291.1,9055.98,16.54
S04,12/08/2024,Yes,0,485,10.8,617,Large,13.63,333.25,11119.13,15.81
S04,19/08/2024,Yes,0,516,4.7,617,Large,14.18,399.52,12782.62,16.45
S04,26/08/2024,No,0,423,2.0,617,Large,14.17,397.33,11078.59,16.44
S04,02/09/2024,No,0,421,9.3,617,Large,13.43,189.6,11360.1,15.58
S04,09/09/2024,Yes,0,492,4.1,617,Large,15.34,452.63,11214.52,17.79
S04,16/09/2024,REGULAR,0,344,4.3,617,Large,14.19,133.39,11449.81,16.46
S04,23/09/2024,No,0,402,3.2,617,Large,14.59,428.27,9963.71,16.92
S04,30/09/2024,No,0,363,7.9,617,Large,13.96,125.85,11366.92,16.19
S04,07/10/2024,No,0,429,0.8,617,Large,14.92,283.2,11488.0,17.31
S04,14/10/2024,No,0,411,7.0,617,Large,13.73,545.51,11905.04,15.93
S04,21/10/2024,No,0,398,8.0,617,Large,14.56,137.87,10228.46,16.89
S04,28/10/2024,No,0,434,0,617,Large,14.55,154.29,11059.94,16.88
S04,04/11/2024,Yes,0,429,13.1,617,Large,13.53,553.03,13497.47,15.69
S04,11/11/2024,No,0,446,5.3,617,Large,13.52,204.66,11429.86,15.68
S04,18/11/2024,No,0,394,6.6,617,Large,15.12,225.27,12428.42,17.54
S04,25/11/2024,No,0,407,6.7,617,Large,14.66,502.11,13144.67,17.01
S04,02/12/2024,No,0,477,11.2,617,Large,14.29,595.28,12506.84,16.58
S04,09/12/2024,No,1,396,2.8,617,Large,14.47,410.25,14260.76,16.79
S04,16/12/2024,Yes,1,470,5.3,617,Large,15.29,751.46,16555.09,17.74
S04,23/12/2024,Yes,1,509,12.7,617,Large,15.37,276.13,15238.64,17.83
S04,30/12/2024,Yes,0,436,14.6,617,Large,13.58,387.24,15090.12,15.75
S04,06/01/2025,Yes,0,430,12.2,617,Large,15.15,553.23,14474.31,17.57
S04,13/01/2025,No,0,430,3.5,617,Large,13.55,571.31,14639.84,15.72
S04,20/01/2025,No,0,397,10.1,617,Large,13.72,657.01,13681.79,15.92
S04,27/01/2025,No,0,480,4.3,617,Large,13.47,399.82,14694.85,15.63
S04,03/02/2025,No,0,444,16.6,617,Large,14.79,553.62,13888.41,17.16
S04,10/02/2025,No,0,431,7.6,617,Large,13.53,631.55,13305.56,15.69
S04,17/02/2025,No,0,410,3.3,617,Large,14.79,522.25,14844.79,17.16
S04,24/02/2025,Yes,0,480,2.4,617,Large,14.0,345.57,14699.7,16.24
S04,03/03/2025,Yes,0,435,1.2,617,Large,15.05,217.88,15089.23,17.46
S04,10/03/2025,No,0,405,10.3,617,Large,14.22,214.29,14777.27,16.5
S04,17/03/2025,No,0,424,10.3,617,Large,14.93,491.23,12766.77,17.32
S04,24/03/2025,No,0,449,8.4,617,Large,14.94,578.85,13139.83,17.33
S04,31/03/2025,No,0,400,8.9,617,Large,13.96,164.15,12881.35,16.19
S04,07/04/2025,No,0,426,5.9,617,Large,14.18,336.4,12728.59,16.45
S04,14/04/2025,No,0,432,10.6,617,Large,14.58,154.21,14085.41,16.91
S04,21/04/2025,No,0,378,9.3,617,Large,15.22,357.31,14333.18,17.66
S04,28/04/2025,No,0,391,15.2,617,Large,15.04,492.57,11665.92,17.45
S04,05/05/2025,No,0,451,6.6,617,Large,14.26,598.76,12411.48,16.54
S04,12/05/2025,No,0,402,4.0,617,Large,13.66,250.1,13562.91,15.85
S04,19/05/2025,No,0,404,5.6,617,Large,14.77,168.31,11895.69,17.13
S04,26/05/2025,Yes,0,469,10.7,617,Large,14.52,534.56,13550.66,16.84
S04,02/06/2025,REGULAR,0,383,5.3,617,Large,15.28,506.24,13022.55,17.72
S04,09/06/2025,Yes,0,431,9.6,617,Large,14.88,503.01,12744.84,17.26
S04,16/06/2025,No,0,401,13.1,617,Large,15.21,493.86,11264.21,17.64
S04,23/06/2025,Yes,0,414,3.9,617,Large,14.33,406.72,11948.12,16.62
S04,30/06/2025,Yes,0,579,11.2,617,Large,14.2,258.12,12070.16,16.47
S04,07/07/2025,No,0,428,8.2,617,Large,14.01,423.62,12053.57,16.25
S04,14/07/2025,No,0,423,4.4,617,Large,13.91,328.69,9656.89,16.14
S04,21/07/2025,No,0,396,4.8,617,Large,14.95,176.96,11481.99,17.34
S04,28/07/2025,No,0,365,8.5,617,Large,15.38,425.06,10549.37,17.84
S04,04/08/2025,Yes,0,440,5.2,617,Large,14.05,546.2,10938.95,16.3
S04,11/08/2025,No,0,406,9.9,617,Large,13.54,312.35,10123.61,15.71
S04,18/08/2025,No,0,420,2.2,617,Large,14.11,415.71,10922.91,16.37
S04,25/08/2025,No,0,363,5.0,617,Large,13.88,346.26,11134.47,16.1
S04,01/09/2025,No,0,361,16.9,617,Large,13.56,463.05,10964.14,15.73
S04,08/09/2025,No,0,453,1.8,617,Large,14.7,294.99,10678.67,17.05
S04,15/09/2025,No,0,415,11.2,617,Large,13.88,136.2,10702.52,16.1
S04,22/09/2025,No,0,427,0,617,Large,14.99,323.69,11197.12,17.39
S04,29/09/2025,No,0,364,5.7,617,Large,14.36,231.18,10127.43,16.66
S04,06/10/2025,Yes,0,487,2.4,617,Large,13.57,272.74,12189.28,15.74
S04,13/10/2025,No,0,436,0,617,Large,15.23,110.43,10785.29,17.67
S04,20/10/2025,Yes,0,435,9.0,617,Large,15.01,512.94,11652.76,17.41
S04,27/10/2025,No,0,390,0,617,Large,14.33,353.07,11807.75,16.62
S04,03/11/2025,No,0,371,0,617,Large,14.59,555.25,12080.28,16.92
S04,10/11/2025,No,0,359,2.3,617,Large,13.97,426.11,13134.3,16.21
S04,17/11/2025,No,0,425,3.7,617,Large,14.21,438.49,13555.91,16.48
S04,24/11/2025,Yes,0,457,17.5,617,Large,13.92,691.11,14455.28,16.15
S04,01/12/2025,No,0,451,10.2,617,Large,15.08,487.57,11969.15,17.49
S04,08/12/2025,Yes,1,466,8.6,617,Large,14.48,795.58,16532.97,16.8
S04,15/12/2025,No,1,454,6.9,617,Large,14.57,631.62,13998.7,16.9
S04,22/12/2025,No,1,440,4.3,617,Large,14.51,408.86,14372.13,16.83
S04,29/12/2025,No,0,434,5.3,617,Large,14.58,503.69,14599.23,16.91
S05,01/01/2024,Yes,0,549,7.2,693,Large,14.34,406.11,15674.29,16.63
S05,08/01/2024,No,0,518,5.5,693,Large,14.75,384.1,16130.92,17.11
S05,15/01/2024,No,0,415,4.4,693,Large,14.47,625.26,14822.25,16.79
S05,22/01/2024,No,0,489,6.1,693,Large,14.92,692.45,16185.15,17.31
S05,29/01/2024,No,0,453,8.5,693,Large,15.05,447.64,16241.86,17.46
S05,05/02/2024,No,0,461,13.3,693,Large,13.59,572.84,16502.69,15.76
S05,12/02/2024,No,0,483,14.8,693,Large,14.14,499.66,15015.19,16.4
S05,19/02/2024,No,0,456,9.5,693,Large,13.9,638.1,14593.36,16.12
S05,26/02/2024,No,0,447,7.0,693,Large,14.33,546.07,15562.18,16.62
S05,04/03/2024,No,0,491,0,693,Large,15.21,212.29,15195.46,17.64
S05,11/03/2024,No,0,483,13.4,693,Large,13.9,266.91,14799.79,16.12
S05,18/03/2024,No,0,523,15.8,693,Large,13.94,504.41,14056.07,16.17
S05,25/03/2024,Yes,0,514,3.2,693,Large,14.33,312.68,17644.37,16.62
S05,01/04/2024,No,0,495,4.1,693,Large,13.63,594.09,14935.63,15.81
S05,08/04/2024,No,0,475,10.2,693,Large,13.97,429.03,15597.05,16.21
S05,15/04/2024,No,0,471,11.5,693,Large,14.2,185.4,14289.45,16.47
S05,22/04/2024,No,0,423,4.3,693,Large,14.98,610.14,14135.59,17.38
S05,29/04/2024,Yes,0,566,19.5,693,Large,14.71,270.5,16279.67,17.06
S05,06/05/2024,No,0,473,0,693,Large,15.01,144.21,13960.52,17.41
S05,13/05/2024,Yes,0,507,0,693,Large,14.97,385.93,16870.73,17.37
S05,20/05/2024,No,0,452,10.0,693,Large,14.94,683.81,14016.46,17.33
S05,27/05/2024,No,0,443,8.7,693,Large,13.58,607.58,13523.61,15.75
S05,03/06/2024,Yes,0,573,6.2,693,Large,13.84,451.52,15362.5,16.05
S05,10/06/2024,Yes,0,461,8.6,693,Large,13.4,226.08,15317.33,15.54
S05,17/06/2024,No,0,466,7.2,693,Large,13.49,136.08,13402.7,15.65
S05,24/06/2024,Yes,0,514,10.7,693,Large,15.21,245.44,14173.31,17.64
S05,01/07/2024,Yes,0,496,5.8,693,Large,15.08,616.88,13800.93,17.49
S05,08/07/2024,No,0,413,1.2,693,Large,14.63,275.36,12536.28,16.97
S05,15/07/2024,Yes,0,512,16.2,693,Large,14.22,272.54,14444.58,16.5
S05,22/07/2024,No,0,481,2.3,693,Large,14.46,571.64,12112.3,16.77
S05,29/07/2024,No,0,443,5.6,693,Large,15.33,399.55,12208.01,17.78
S05,05/08/2024,No,0,459,8.5,693,Large,14.38,356.54,12722.82,16.68
S05,12/08/2024,No,0,452,2.9,693,Large,14.67,553.63,11611.95,17.02
S05,19/08/2024,No,0,499,6.9,693,Large,14.65,180.24,11252.94,16.99
S05,26/08/2024,No,0,466,6.6,693,Large,14.24,292.5,11852.71,16.52
S05,02/09/2024,No,0,442,0,693,Large,14.77,368.7,11569.18,17.13
S05,09/09/2024,No,0,527,0.6,693,Large,13.64,268.31,11232.08,15.82
S05,16/09/2024,Yes,0,535,6.7,693,Large,14.11,565.75,12974.59,16.37
S05,23/09/2024,No,0,450,4.6,693,Large,13.46,442.36,12954.47,15.61
S05,30/09/2024,No,0,406,3.0,693,Large,14.48,316.94,12633.5,16.8
S05,07/10/2024,No,0,435,1.3,693,Large,15.24,179.3,12494.97,17.68
S05,14/10/2024,No,0,490,6.4,693,Large,14.8,402.72,13137.67,17.17
S05,21/10/2024,No,0,484,5.0,693,Large,14.53,248.49,13097.35,16.85
S05,28/10/2024,No,0,461,8.6,693,Large,14.43,560.08,11985.91,16.74
S05,04/11/2024,No,0,483,0,693,Large,15.03,651.0,14545.32,17.43
S05,11/11/2024,No,0,459,7.0,693,Large,13.47,273.19,13673.3,15.63
S05,18/11/2024,Yes,0,565,6.4,693,Large,15.1,800.17,16416.75,17.52
S05,25/11/2024,No,0,506,3.3,693,Large,15.22,470.23,13893.22,17.66
S05,02/12/2024,No,0,485,0,693,Large,15.11,702.16,16491.87,17.53
S05,09/12/2024,No,1,521,0,693,Large,14.92,765.48,15707.5,17.31
S05,16/12/2024,No,1,460,6.9,693,Large,14.3,167.09,16121.88,16.59
S05,23/12/2024,No,1,495,7.8,693,Large,15.24,656.22,16589.41,17.68
S05,30/12/2024,No,0,458,11.5,693,Large,13.69,667.62,16146.47,15.88
S05,06/01/2025,No,0,441,7.0,693,Large,14.55,752.48,16409.83,16.88
S05,13/01/2025,No,0,476,1.6,693,Large,15.17,282.89,14893.31,17.6
S05,20/01/2025,No,0,443,5.2,693,Large,14.43,688.04,14789.73,16.74
S05,27/01/2025,No,0,441,3.4,693,Large,14.38,608.82,14950.34,16.68
S05,03/02/2025,No,0,430,5.6,693,Large,14.58,648.35,14406.32,16.91
S05,10/02/2025,No,0,474,4.2,693,Large,14.13,395.48,15349.36,16.39
S05,17/02/2025,No,0,444,8.7,693,Large,15.3,449.71,18090.2,17.75
S05,24/02/2025,No,0,534,3.8,693,Large,15.19,464.38,16520.96,17.62
S05,03/03/2025,No,0,486,10.5,693,Large,14.81,334.19,16266.13,17.18
S05,10/03/2025,No,0,449,10.7,693,Large,13.84,514.63,15321.09,16.05
S05,17/03/2025,No,0,487,10.2,693,Large,13.89,792.84,16166.09,16.11
S05,24/03/2025,No,0,488,0.9,693,Large,14.68,345.05,16079.69,17.03
S05,31/03/2025,No,0,504,1.9,693,Large,15.28,761.11,16127.67,17.72
S05,07/04/2025,No,0,496,8.2,693,Large,13.49,506.95,14612.23,15.65
S05,14/04/2025,Yes,0,459,1.8,693,Large,14.31,637.64,15582.91,16.6
S05,21/04/2025,No,0,419,8.0,693,Large,14.34,517.28,15368.69,16.63
S05,28/04/2025,No,0,480,5.9,693,Large,14.44,599.14,15692.45,16.75
S05,05/05/2025,No,0,460,2.9,693,Large,14.36,643.42,14190.68,16.66
S05,12/05/2025,No,0,482,9.8,693,Large,13.54,218.94,13412.84,15.71
S05,19/05/2025,No,0,487,9.2,693,Large,13.71,508.55,12529.16,15.9
S05,26/05/2025,No,0,473,5.2,693,Large,13.73,264.84,12576.67,15.93
S05,02/06/2025,No,0,350,5.1,693,Large,14.39,328.8,13783.33,16.69
S05,09/06/2025,No,0,462,6.4,693,Large,13.42,404.98,13292.21,15.57
S05,16/06/2025,No,0,466,12.4,693,Large,13.78,126.74,12658.64,15.98
S05,23/06/2025,No,0,494,0,693,Large,15.23,701.43,14374.75,17.67
S05,30/06/2025,No,0,530,4.7,693,Large,14.18,669.17,13692.42,16.45
S05,07/07/2025,No,0,509,16.9,693,Large,14.68,583.01,12152.46,17.03
S05,14/07/2025,No,0,509,2.1,693,Large,14.84,399.66,13099.21,17.21
S05,21/07/2025,No,0,511,9.9,693,Large,14.46,534.59,11825.95,16.77
S05,28/07/2025,No,0,400,3.1,693,Large,15.25,271.27,12038.06,17.69
S05,04/08/2025,Yes,0,521,3.5,693,Large,14.06,586.41,12991.89,16.31
S05,11/08/2025,No,0,490,17.7,693,Large,13.98,525.14,12239.83,16.22
S05,18/08/2025,No,0,432,7.6,693,Large,13.77,199.85,12700.59,15.97
S05,25/08/2025,No,0,461,14.5,693,Large,14.53,385.74,10831.52,16.85
S05,01/09/2025,Yes,0,568,0,693,Large,15.15,422.8,13759.04,17.57
S05,08/09/2025,No,0,399,9.9,693,Large,14.7,374.37,12621.12,17.05
S05,15/09/2025,Yes,0,479,4.7,693,Large,14.05,174.98,12749.12,16.3
S05,22/09/2025,No,0,420,0.8,693,Large,14.61,232.67,12456.25,16.95
S05,29/09/2025,Yes,0,567,0.6,693,Large,13.48,593.82,14346.58,15.64
S05,06/10/2025,No,0,483,3.6,693,Large,14.67,591.77,12695.91,17.02
S05,13/10/2025,No,0,504,6.5,693,Large,14.92,498.33,12631.74,17.31
S05,20/10/2025,No,0,488,4.7,693,Large,14.02,395.6,12007.77,16.26
S05,27/10/2025,No,0,528,6.6,693,Large,13.43,634.82,14733.54,15.58
S05,03/11/2025,No,0,454,14.5,693,Large,14.64,610.36,13114.57,16.98
S05,10/11/2025,Yes,0,526,6.8,693,Large,14.41,282.73,14504.81,16.72
S05,17/11/2025,No,0,444,5.2,693,Large,14.95,630.63,15078.98,17.34
S05,24/11/2025,No,0,410,4.5,693,Large,13.63,638.03,14342.93,15.81
S05,01/12/2025,Yes,0,595,4.8,693,Large,14.15,164.89,15466.61,16.41
S05,08/12/2025,No,1,433,4.4,693,Large,14.93,497.15,16602.65,17.32
S05,15/12/2025,No,1,437,4.6,693,Large,14.16,506.31,17271.02,16.43
S05,22/12/2025,Yes,1,566,0,693,Large,14.45,704.48,18250.29,16.76
S05,29/12/2025,Yes,0,545,0.9,693,Large,14.16,424.91,17592.96,16.43
S06,01/01/2024,Yes,0,438,7.5,552,Large,15.24,433.12,13330.42,17.68
S06,08/01/2024,Yes,0,436,10.1,552,Large,14.88,491.82,13336.29,17.26
S06,15/01/2024,No,0,412,4.8,552,Large,14.3,386.76,11154.52,16.59
S06,22/01/2024,No,0,421,15.0,552,Large,14.73,343.58,13561.9,17.09
S06,29/01/2024,No,0,376,6.7,552,Large,14.28,383.09,13979.37,16.56
S06,05/02/2024,No,0,392,0.5,552,Large,13.87,544.63,12528.58,16.09
S06,12/02/2024,No,0,383,6.1,552,Large,14.19,202.31,12677.83,16.46
S06,19/02/2024,Yes,0,457,13.7,552,Large,14.81,334.11,13649.77,17.18
S06,26/02/2024,No,0,382,13.5,552,Large,14.06,335.42,12529.66,16.31
S06,04/03/2024,No,0,389,7.6,552,Large,14.62,483.58,13401.4,16.96
S06,11/03/2024,No,0,369,7.9,552,Large,14.97,457.58,13261.12,17.37
S06,18/03/2024,Yes,0,372,8.6,552,Large,14.74,335.41,12994.01,17.1
S06,25/03/2024,No,0,398,6.3,552,Large,13.78,176.37,11844.99,15.98
S06,01/04/2024,No,0,296,0.6,552,Large,13.57,430.68,12306.96,15.74
S06,08/04/2024,No,0,344,2.0,552,Large,13.55,395.52,13202.13,15.72
S06,15/04/2024,No,0,429,13.9,552,Large,14.92,214.9,12801.63,17.31
S06,22/04/2024,Yes,0,415,14.1,552,Large,13.84,470.64,14586.11,16.05
S06,29/04/2024,No,0,412,0,552,Large,14.53,493.4,11048.09,16.85
S06,06/05/2024,No,0,410,0,552,Large,13.87,554.47,11100.61,16.09
S06,13/05/2024,No,0,325,4.9,552,Large,14.76,310.38,11928.14,17.12
S06,20/05/2024,Yes,0,407,3.7,552,Large,15.26,203.29,13579.14,17.7
S06,27/05/2024,No,0,335,12.8,552,Large,14.57,176.86,10165.42,16.9
S06,03/06/2024,No,0,349,3.9,552,Large,13.54,354.96,10994.67,15.71
S06,10/06/2024,No,0,365,10.0,552,Large,14.46,291.44,8753.31,16.77
S06,17/06/2024,No,0,371,7.6,552,Large,14.16,345.9,10497.58,16.43
S06,24/06/2024,Yes,0,451,15.5,552,Large,14.5,565.31,12335.56,16.82
S06,01/07/2024,No,0,384,6.0,552,Large,13.65,376.04,8653.19,15.83
S06,08/07/2024,No,0,352,1.7,552,Large,13.55,316.27,10131.68,15.72
S06,15/07/2024,No,0,362,11.0,552,Large,13.65,321.03,9591.92,15.83
S06,22/07/2024,Yes,0,336,0.5,552,Large,13.82,368.79,11089.42,16.03
S06,29/07/2024,No,0,316,6.7,552,Large,14.63,123.25,10090.05,16.97
S06,05/08/2024,No,0,365,10.4,552,Large,14.81,110.41,9806.64,17.18
S06,12/08/2024,No,0,351,5.7,552,Large,13.76,256.88,10322.73,15.96
S06,19/08/2024,No,0,394,1.2,552,Large,13.41,197.8,8935.78,15.56
S06,26/08/2024,Yes,0,466,10.8,552,Large,14.76,533.42,12153.19,17.12
S06,02/09/2024,No,0,363,6.6,552,Large,15.17,281.75,9819.33,17.6
S06,09/09/2024,No,0,388,5.0,552,Large,15.15,175.38,10137.32,17.57
S06,16/09/2024,No,0,410,3.6,552,Large,15.22,197.64,9664.76,17.66
S06,23/09/2024,Yes,0,405,13.2,552,Large,14.34,229.91,9377.63,16.63
S06,30/09/2024,No,0,346,2.3,552,Large,14.34,466.74,10601.1,16.63
S06,07/10/2024,No,0,395,3.5,552,Large,14.31,316.37,9552.29,16.6
S06,14/10/2024,No,0,353,9.2,552,Large,14.16,392.92,8764.5,16.43
S06,21/10/2024,No,0,358,8.5,552,Large,14.97,227.26,8101.28,17.37
S06,28/10/2024,No,0,345,12.8,552,Large,14.54,317.25,10743.99,16.87
S06,04/11/2024,No,0,370,10.9,552,Large,14.88,164.08,10208.01,17.26
S06,11/11/2024,No,0,341,0,552,Large,15.07,143.66,10451.84,17.48
S06,18/11/2024,No,0,370,4.7,552,Large,14.62,156.66,11817.13,16.96
S06,25/11/2024,No,0,362,22.5,552,Large,14.51,329.26,10866.04,16.83
S06,02/12/2024,No,0,408,6.0,552,Large,14.13,336.95,11386.77,16.39
S06,09/12/2024,No,1,340,11.5,552,Large,14.82,194.66,12872.02,17.19
S06,16/12/2024,Yes,1,447,9.8,552,Large,14.73,628.5,14839.62,17.09
S06,23/12/2024,Yes,1,428,5.7,552,Large,14.84,691.72,14312.79,17.21
S06,30/12/2024,No,0,337,5.8,552,Large,14.3,383.68,12725.46,16.59
S06,06/01/2025,No,0,336,11.3,552,Large,14.82,532.35,13356.27,17.19
S06,13/01/2025,No,0,372,2.0,552,Large,13.71,573.7,12864.63,15.9
S06,20/01/2025,No,0,311,0,552,Large,13.98,230.48,13842.31,16.22
S06,27/01/2025,No,0,425,7.7,552,Large,13.57,341.36,11526.04,15.74
S06,03/02/2025,No,0,324,5.2,552,Large,13.74,372.19,11697.19,15.94
S06,10/02/2025,No,0,416,6.3,552,Large,13.99,129.14,12434.96,16.23
S06,17/02/2025,No,0,386,14.3,552,Large,14.86,558.51,11890.03,17.24
S06,24/02/2025,Yes,0,399,2.7,552,Large,13.72,566.01,14070.21,15.92
S06,03/03/2025,No,0,413,0,552,Large,15.07,182.65,11977.48,17.48
S06,10/03/2025,No,0,400,5.6,552,Large,13.54,395.77,12669.39,15.71
S06,17/03/2025,Yes,0,424,0.5,552,Large,14.36,222.8,14207.87,16.66
S06,24/03/2025,No,0,375,17.2,552,Large,14.51,538.33,12359.16,16.83
S06,31/03/2025,Yes,0,507,5.1,552,Large,13.6,333.11,12644.1,15.78
S06,07/04/2025,Yes,0,353,1.8,552,Large,14.57,585.3,13258.46,16.9
S06,14/04/2025,No,0,366,4.8,552,Large,13.58,399.72,11698.13,15.75
S06,21/04/2025,Yes,0,462,12.8,552,Large,13.8,290.27,13188.38,16.01
S06,28/04/2025,Yes,0,402,14.5,552,Large,14.64,270.26,13713.76,16.98
S06,05/05/2025,No,0,342,12.1,552,Large,13.46,285.85,10622.83,15.61
S06,12/05/2025,Yes,0,385,1.5,552,Large,15.01,203.27,11134.71,17.41
S06,19/05/2025,Yes,0,468,9.4,552,Large,14.39,571.55,14504.49,16.69
S06,26/05/2025,No,0,365,0.8,552,Large,15.08,360.26,10471.93,17.49
S06,02/06/2025,Yes,0,432,10.7,552,Large,14.48,535.32,12066.01,16.8
S06,09/06/2025,Yes,0,412,6.1,552,Large,13.53,170.14,11254.21,15.69
S06,16/06/2025,Yes,0,397,0.3,552,Large,15.01,407.92,10853.89,17.41
S06,23/06/2025,No,0,422,5.2,552,Large,14.53,156.03,10335.31,16.85
S06,30/06/2025,No,0,377,2.4,552,Large,14.55,164.34,10173.87,16.88
S06,07/07/2025,No,0,387,11.9,552,Large,14.67,330.92,10432.74,17.02
S06,14/07/2025,No,0,357,11.5,552,Large,13.47,386.48,9606.03,15.63
S06,21/07/2025,No,0,394,6.3,552,Large,13.52,344.73,9307.46,15.68
S06,28/07/2025,Yes,0,414,2.0,552,Large,14.69,272.49,11136.51,17.04
S06,04/08/2025,No,0,377,3.3,552,Large,13.9,365.79,9325.24,16.12
S06,11/08/2025,No,0,289,12.3,552,Large,13.7,116.4,8656.63,15.89
S06,18/08/2025,No,0,433,0.3,552,Large,13.84,315.36,9469.56,16.05
S06,25/08/2025,Yes,0,364,3.1,552,Large,14.18,347.03,8887.87,16.45
S06,01/09/2025,No,0,326,6.2,552,Large,13.66,155.1,8569.41,15.85
S06,08/09/2025,No,0,337,0.8,552,Large,13.88,149.57,9192.18,16.1
S06,15/09/2025,No,0,346,10.6,552,Large,14.44,515.29,11641.8,16.75
S06,22/09/2025,No,0,326,14.0,552,Large,14.84,511.64,10558.33,17.21
S06,29/09/2025,Yes,0,424,11.5,552,Large,13.47,161.23,10225.47,15.63
S06,06/10/2025,No,0,330,14.3,552,Large,14.67,356.96,9665.2,17.02
S06,13/10/2025,No,0,358,12.9,552,Large,14.59,308.98,10012.07,16.92
S06,20/10/2025,No,0,404,0.2,552,Large,13.58,439.06,10760.62,15.75
S06,27/10/2025,No,0,329,16.2,552,Large,14.63,451.67,11901.97,16.97
S06,03/11/2025,Yes,0,403,1.8,552,Large,14.51,573.67,12348.14,16.83
S06,10/11/2025,Yes,0,315,12.5,552,Large,15.05,185.22,12920.01,17.46
S06,17/11/2025,Yes,0,390,0,552,Large,14.04,467.87,12267.33,16.29
S06,24/11/2025,Yes,0,356,5.0,552,Large,15.28,561.89,13348.11,17.72
S06,01/12/2025,Yes,0,378,8.3,552,Large,15.23,540.9,12495.14,17.67
S06,08/12/2025,No,1,416,6.0,552,Large,13.79,222.27,14804.26,16.0
S06,15/12/2025,Yes,1,365,2.4,552,Large,14.82,218.87,13979.12,17.19
S06,22/12/2025,Yes,1,423,10.3,552,Large,15.0,591.91,14345.31,17.4
S06,29/12/2025,No,0,311,8.2,552,Large,14.12,189.98,12763.85,16.38
S07,01/01/2024,No,0,372,0.4,588,Large,14.68,407.75,12707.67,17.03
S07,08/01/2024,Yes,0,464,14.4,588,Large,14.5,632.89,13673.47,16.82
S07,15/01/2024,No,0,479,1.5,588,Large,14.49,301.08,12465.66,16.81
S07,22/01/2024,No,0,392,7.9,588,Large,14.07,284.33,12830.16,16.32
S07,29/01/2024,Yes,0,535,9.2,588,Large,14.73,512.82,15085.46,17.09
S07,05/02/2024,Yes,0,471,12.5,588,Large,13.9,777.23,16285.17,16.12
S07,12/02/2024,No,0,395,6.3,588,Large,14.28,516.79,13398.68,16.56
S07,19/02/2024,No,0,402,0,588,Large,15.05,365.93,12192.14,17.46
S07,26/02/2024,No,0,405,3.8,588,Large,13.7,243.8,14354.57,15.89
S07,04/03/2024,Yes,0,496,2.6,588,Large,14.36,575.22,14655.94,16.66
S07,11/03/2024,Yes,0,403,0.1,588,Large,15.09,671.77,14720.94,17.5
S07,18/03/2024,No,0,320,4.6,588,Large,13.48,525.76,14274.5,15.64
S07,25/03/2024,No,0,402,6.9,588,Large,14.75,322.95,12325.29,17.11
S07,01/04/2024,No,0,389,13.9,588,Large,13.92,201.64,12508.52,16.15
S07,08/04/2024,No,0,439,3.7,588,Large,15.16,358.74,12552.3,17.59
S07,15/04/2024,No,0,425,16.8,588,Large,13.46,162.27,12765.91,15.61
S07,22/04/2024,No,0,315,7.4,588,Large,15.08,196.07,12408.62,17.49
S07,29/04/2024,No,0,408,10.4,588,Large,14.94,253.65,12237.91,17.33
S07,06/05/2024,No,0,379,7.2,588,Large,14.56,575.92,12315.9,16.89
S07,13/05/2024,No,0,404,13.6,588,Large,14.86,228.07,12349.76,17.24
S07,20/05/2024,No,0,377,7.7,588,Large,14.51,348.9,10517.94,16.83
S07,27/05/2024,Yes,0,432,9.5,588,Large,15.0,199.75,12691.7,17.4
S07,03/06/2024,No,0,376,4.8,588,Large,14.17,228.99,12235.0,16.44
S07,10/06/2024,Yes,0,412,0,588,Large,15.24,490.0,11561.14,17.68
S07,17/06/2024,No,0,348,12.5,588,Large,14.99,380.73,10463.41,17.39
S07,24/06/2024,No,0,393,10.8,588,Large,14.01,358.8,9555.86,16.25
S07,01/07/2024,No,0,437,7.2,588,Large,14.49,425.29,9077.66,16.81
S07,08/07/2024,No,0,395,6.5,588,Large,14.05,510.19,10970.72,16.3
S07,15/07/2024,Yes,0,466,4.3,588,Large,13.94,549.55,12131.05,16.17
S07,22/07/2024,No,0,411,15.0,588,Large,15.09,290.73,10991.56,17.5
S07,29/07/2024,Yes,0,496,12.0,588,Large,14.8,517.71,11406.95,17.17
S07,05/08/2024,Yes,0,507,1.1,588,Large,14.82,270.46,11403.75,17.19
S07,12/08/2024,Yes,0,451,9.2,588,Large,15.31,374.73,11364.09,17.76
S07,19/08/2024,Yes,0,434,3.4,588,Large,13.59,343.56,11599.3,15.76
S07,26/08/2024,No,0,377,6.4,588,Large,14.77,346.6,10369.65,17.13
S07,02/09/2024,No,0,450,12.6,588,Large,14.92,175.99,9635.79,17.31
S07,09/09/2024,No,0,360,9.0,588,Large,14.24,448.66,10269.57,16.52
S07,16/09/2024,No,0,402,18.4,588,Large,14.96,408.0,9990.48,17.35
S07,23/09/2024,Yes,0,414,0.7,588,Large,15.04,410.09,12383.54,17.45
S07,30/09/2024,No,0,405,1.9,588,Large,14.84,517.84,10540.35,17.21
S07,07/10/2024,No,0,351,14.9,588,Large,15.0,221.16,11066.44,17.4
S07,14/10/2024,No,0,478,9.1,588,Large,15.21,158.83,10461.04,17.64
S07,21/10/2024,No,0,349,2.7,588,Large,13.51,569.51,12000.62,15.67
S07,28/10/2024,No,0,393,7.7,588,Large,13.83,136.57,10676.41,16.04
S07,04/11/2024,Yes,0,376,11.0,588,Large,14.61,204.13,12206.36,16.95
S07,11/11/2024,No,0,372,11.5,588,Large,14.07,195.24,11430.25,16.32
S07,18/11/2024,No,0,419,7.7,588,Large,14.47,452.46,11565.07,16.79
S07,25/11/2024,No,0,407,3.2,588,Large,15.3,500.38,13284.65,17.75
S07,02/12/2024,No,0,432,4.0,588,Large,14.03,381.94,11259.94,16.27
S07,09/12/2024,Yes,1,425,4.9,588,Large,13.97,578.3,14155.91,16.21
S07,16/12/2024,No,1,405,2.0,588,Large,13.93,258.97,13482.69,16.16
S07,23/12/2024,No,1,374,13.9,588,Large,13.89,584.19,15411.1,16.11
S07,30/12/2024,No,0,420,0,588,Large,14.84,611.0,12231.45,17.21
S07,06/01/2025,Yes,0,465,6.7,588,Large,14.89,530.71,14056.33,17.27
S07,13/01/2025,No,0,383,5.2,588,Large,14.41,400.13,12433.92,16.72
S07,20/01/2025,Yes,0,430,0.1,588,Large,13.44,444.05,14358.69,15.59
S07,27/01/2025,No,0,426,2.9,588,Large,13.46,532.86,14385.48,15.61
S07,03/02/2025,No,0,422,2.3,588,Large,13.53,553.19,13073.05,15.69
S07,10/02/2025,No,0,383,7.9,588,Large,14.04,335.65,12419.03,16.29
S07,17/02/2025,No,0,443,9.7,588,Large,14.13,420.96,12289.63,16.39
S07,24/02/2025,No,0,403,15.1,588,Large,14.86,460.81,14410.05,17.24
S07,03/03/2025,No,0,384,6.8,588,Large,15.25,187.3,14683.78,17.69
S07,10/03/2025,No,0,434,12.6,588,Large,13.41,463.26,13538.8,15.56
S07,17/03/2025,No,0,484,17.0,588,Large,14.0,641.01,13652.36,16.24
S07,24/03/2025,No,0,391,0,588,Large,13.57,245.66,13920.87,15.74
S07,31/03/2025,No,0,337,4.0,588,Large,14.95,336.65,11365.15,17.34
S07,07/04/2025,No,0,355,10.9,588,Large,14.93,386.91,10996.52,17.32
S07,14/04/2025,No,0,392,2.1,588,Large,14.48,598.49,13854.73,16.8
S07,21/04/2025,No,0,392,2.8,588,Large,14.09,214.87,13886.52,16.34
S07,28/04/2025,No,0,357,9.1,588,Large,15.08,228.72,13974.94,17.49
S07,05/05/2025,Yes,0,448,7.4,588,Large,14.37,702.31,14092.82,16.67
S07,12/05/2025,Yes,0,381,4.9,588,Large,14.73,480.51,13013.12,17.09
S07,19/05/2025,No,0,411,6.2,588,Large,15.06,257.04,11183.5,17.47
S07,26/05/2025,No,0,435,0,588,Large,15.05,183.21,11535.36,17.46
S07,02/06/2025,No,0,374,5.0,588,Large,13.43,394.0,10855.5,15.58
S07,09/06/2025,No,0,451,9.8,588,Large,13.53,406.75,12291.17,15.69
S07,16/06/2025,No,0,370,10.7,588,Large,14.93,432.51,9990.66,17.32
S07,23/06/2025,No,0,423,0.2,588,Large,14.15,536.03,11356.6,16.41
S07,30/06/2025,Yes,0,511,7.0,588,Large,14.99,414.94,11707.06,17.39
S07,07/07/2025,Yes,0,411,8.2,588,Large,13.53,205.88,12860.38,15.69
S07,14/07/2025,Yes,0,426,0,588,Large,13.59,378.71,10539.8,15.76
S07,21/07/2025,No,0,412,0,588,Large,15.26,298.78,10441.28,17.7
S07,28/07/2025,No,0,422,6.0,588,Large,13.84,124.49,10438.78,16.05
S07,04/08/2025,Yes,0,434,8.5,588,Large,14.39,350.57,11045.71,16.69
S07,11/08/2025,Yes,0,486,0,588,Large,13.48,445.82,11413.45,15.64
S07,18/08/2025,No,0,456,4.4,588,Large,15.24,399.28,11399.53,17.68
S07,25/08/2025,Yes,0,459,8.9,588,Large,13.7,239.36,10570.87,15.89
S07,01/09/2025,Yes,0,455,12.9,588,Large,15.36,328.49,9936.04,17.82
S07,08/09/2025,No,0,366,9.4,588,Large,14.99,192.99,11126.78,17.39
S07,15/09/2025,Yes,0,452,1.1,588,Large,14.84,597.91,12775.91,17.21
S07,22/09/2025,No,0,307,5.7,588,Large,13.57,356.68,9782.19,15.74
S07,29/09/2025,No,0,446,7.8,588,Large,13.6,237.42,10902.35,15.78
S07,06/10/2025,No,0,423,9.7,588,Large,15.36,163.38,10877.73,17.82
S07,13/10/2025,Yes,0,401,14.1,588,Large,14.73,341.61,13144.07,17.09
S07,20/10/2025,No,0,372,10.8,588,Large,14.28,421.9,11198.23,16.56
S07,27/10/2025,No,0,446,17.1,588,Large,14.55,159.91,10623.31,16.88
S07,03/11/2025,No,0,451,10.2,588,Large,14.13,444.14,11084.95,16.39
S07,10/11/2025,No,0,413,4.9,588,Large,14.52,262.98,10802.82,16.84
S07,17/11/2025,No,0,456,7.8,588,Large,13.92,390.38,10937.11,16.15
S07,24/11/2025,No,0,413,4.9,588,Large,13.77,501.07,12383.14,15.97
S07,01/12/2025,No,0,350,15.7,588,Large,15.16,620.64,13056.61,17.59
S07,08/12/2025,No,1,384,10.4,588,Large,13.6,630.39,12625.91,15.78
S07,15/12/2025,Yes,1,438,8.4,588,Large,15.05,351.46,15339.87,17.46
S07,22/12/2025,No,1,360,8.8,588,Large,14.86,521.4,15001.64,17.24
S07,29/12/2025,No,0,404,15.8,588,Large,14.07,589.24,12503.61,16.32
S08,01/01/2024,Yes,0,305,10.6,456,Small,14.9,510.02,10495.72,17.28
S08,08/01/2024,Yes,0,348,5.4,456,Small,14.97,352.56,11246.12,17.37
S08,15/01/2024,Yes,0,335,0.2,456,Small,13.72,515.76,11421.24,15.92
S08,22/01/2024,Yes,0,354,8.0,456,Small,14.73,574.25,12440.42,17.09
S08,29/01/2024,No,0,304,11.0,456,Small,14.75,432.51,10385.82,17.11
S08,05/02/2024,No,0,344,6.3,456,Small,14.37,273.93,10483.41,16.67
S08,12/02/2024,No,0,352,0.1,456,Small,13.76,124.59,11116.6,15.96
S08,19/02/2024,No,0,338,3.7,456,Small,14.15,428.24,9848.43,16.41
S08,26/02/2024,Yes,0,349,7.6,456,Small,14.26,250.93,10150.24,16.54
S08,04/03/2024,No,0,273,7.1,456,Small,15.2,342.0,8984.14,17.63
S08,11/03/2024,Yes,0,371,7.2,456,Small,13.73,274.69,11410.1,15.93
S08,18/03/2024,No,0,315,2.3,456,Small,15.16,432.02,10738.57,17.59
S08,25/03/2024,No,0,224,8.5,456,Small,14.83,352.89,9978.3,17.2
S08,01/04/2024,Yes,0,384,6.6,456,Small,13.76,385.18,11266.87,15.96
S08,08/04/2024,No,0,272,10.2,456,Small,15.15,292.1,11668.82,17.57
S08,15/04/2024,No,0,237,13.2,456,Small,15.37,108.98,9499.14,17.83
S08,22/04/2024,No,0,237,8.5,456,Small,14.34,96.97,9565.08,16.63
S08,29/04/2024,Yes,0,396,8.0,456,Small,13.61,513.19,10440.01,15.79
S08,06/05/2024,No,0,293,17.4,456,Small,14.65,419.05,9375.94,16.99
S08,13/05/2024,No,0,349,7.7,456,Small,15.0,155.92,9251.93,17.4
S08,20/05/2024,No,0,317,11.2,456,Small,14.27,368.17,8400.27,16.55
S08,27/05/2024,No,0,309,3.9,456,Small,13.82,249.97,10217.44,16.03
S08,03/06/2024,No,0,304,11.4,456,Small,14.84,162.76,9883.19,17.21
S08,10/06/2024,No,0,318,6.1,456,Small,14.92,119.14,9324.38,17.31
S08,17/06/2024,No,0,374,5.8,456,Small,14.45,242.33,9163.8,16.76
S08,24/06/2024,No,0,287,4.7,456,Small,13.56,404.61,8284.59,15.73
S08,01/07/2024,No,0,302,12.3,456,Small,14.14,293.62,9253.64,16.4
S08,08/07/2024,No,0,282,7.3,456,Small,14.68,284.76,7814.09,17.03
S08,15/07/2024,Yes,0,365,0,456,Small,15.2,195.82,8382.47,17.63
S08,22/07/2024,No,0,292,2.1,456,Small,14.19,227.74,7870.24,16.46
S08,29/07/2024,Yes,0,321,6.5,456,Small,14.24,142.58,7523.46,16.52
S08,05/08/2024,No,0,298,7.4,456,Small,14.49,164.12,7692.8,16.81
S08,12/08/2024,Yes,0,386,4.4,456,Small,13.77,97.95,8120.2,15.97
S08,19/08/2024,Yes,0,379,0,456,Small,14.63,104.95,8108.42,16.97
S08,26/08/2024,Yes,0,335,2.8,456,Small,13.76,140.72,8420.94,15.96
S08,02/09/2024,No,0,318,0,456,Small,14.04,262.43,8094.4,16.29
S08,09/09/2024,No,0,346,5.1,456,Small,13.9,237.6,8524.58,16.12
S08,16/09/2024,No,0,293,0,456,Small,13.82,213.83,8238.62,16.03
S08,23/09/2024,No,0,329,6.5,456,Small,13.57,187.83,7749.84,15.74
S08,30/09/2024,No,0,344,0,456,Small,14.78,421.87,8477.97,17.14
S08,07/10/2024,No,0,290,10.5,456,Small,15.13,339.59,7609.64,17.55
S08,14/10/2024,No,0,289,12.0,456,Small,13.87,366.48,9167.45,16.09
S08,21/10/2024,No,0,358,2.8,456,Small,14.77,269.85,8561.81,17.13
S08,28/10/2024,Yes,0,316,4.6,456,Small,13.84,309.51,8927.93,16.05
S08,04/11/2024,No,0,415,14.3,456,Small,15.13,263.03,9716.28,17.55
S08,11/11/2024,No,0,313,5.5,456,Small,13.55,210.15,8789.94,15.72
S08,18/11/2024,No,0,288,0,456,Small,14.28,362.51,11386.17,16.56
S08,25/11/2024,No,0,293,12.2,456,Small,14.17,431.57,9235.38,16.44
S08,02/12/2024,No,0,315,6.2,456,Small,14.13,189.97,8390.11,16.39
S08,09/12/2024,No,1,353,4.7,456,Small,14.15,159.31,10229.41,16.41
S08,16/12/2024,No,1,321,9.0,456,Small,15.08,209.76,9343.75,17.49
S08,23/12/2024,No,1,357,0.3,456,Small,14.66,208.51,10574.76,17.01
S08,30/12/2024,No,0,292,13.0,456,Small,14.14,405.85,9848.7,16.4
S08,06/01/2025,Yes,0,360,10.8,456,Small,14.01,473.78,11249.72,16.25
S08,13/01/2025,No,0,325,6.6,456,Small,13.61,364.11,9705.73,15.79
S08,20/01/2025,No,0,403,9.7,456,Small,13.95,492.3,9971.87,16.18
S08,27/01/2025,Yes,0,407,13.0,456,Small,14.57,520.85,11755.91,16.9
S08,03/02/2025,No,0,282,14.6,456,Small,14.6,363.79,10741.8,16.94
S08,10/02/2025,No,0,197,0,456,Small,14.63,302.37,9884.39,16.97
S08,17/02/2025,No,0,274,3.5,456,Small,14.73,316.58,10553.34,17.09
S08,24/02/2025,No,0,315,0.3,456,Small,14.11,152.38,11495.5,16.37
S08,03/03/2025,No,0,325,7.7,456,Small,14.88,157.52,9853.69,17.26
S08,10/03/2025,No,0,229,5.2,456,Small,13.7,336.01,9186.4,15.89
S08,17/03/2025,No,0,324,11.4,456,Small,14.0,276.14,10116.7,16.24
S08,24/03/2025,No,0,249,13.3,456,Small,14.13,267.09,10407.78,16.39
S08,31/03/2025,No,0,351,8.0,456,Small,15.37,202.63,9203.88,17.83
S08,07/04/2025,No,0,315,6.7,456,Small,14.2,279.13,10417.82,16.47
S08,14/04/2025,No,0,300,9.3,456,Small,13.67,517.44,10373.45,15.86
S08,21/04/2025,No,0,341,2.5,456,Small,14.25,230.48,10277.3,16.53
S08,28/04/2025,No,0,270,5.0,456,Small,14.69,179.83,9651.99,17.04
S08,05/05/2025,No,0,329,8.1,456,Small,15.34,264.79,9222.29,17.79
S08,12/05/2025,No,0,318,6.3,456,Small,14.75,264.57,9519.15,17.11
S08,19/05/2025,Yes,0,340,7.0,456,Small,15.22,164.05,10025.58,17.66
S08,26/05/2025,No,0,351,10.3,456,Small,14.58,192.87,8845.09,16.91
S08,02/06/2025,No,0,328,7.1,456,Small,14.8,318.67,9288.84,17.17
S08,09/06/2025,No,0,323,7.3,456,Small,14.05,92.23,7491.51,16.3
S08,16/06/2025,Yes,0,333,8.1,456,Small,13.94,368.09,8395.53,16.17
S08,23/06/2025,No,0,340,7.0,456,Small,15.38,377.9,9298.14,17.84
S08,30/06/2025,Yes,0,330,8.0,456,Small,13.89,400.15,9421.04,16.11
S08,07/07/2025,Yes,0,340,11.7,456,Small,15.31,133.29,7843.25,17.76
S08,14/07/2025,No,0,306,11.6,456,Small,14.5,112.64,7431.17,16.82
S08,21/07/2025,No,0,391,0,456,Small,14.09,107.09,6902.84,16.34
S08,28/07/2025,Yes,0,336,6.9,456,Small,13.97,257.73,9347.47,16.21
S08,04/08/2025,Yes,0,404,17.9,456,Small,13.78,357.68,7228.88,15.98
S08,11/08/2025,No,0,357,9.6,456,Small,15.36,385.82,7805.27,17.82
S08,18/08/2025,Yes,0,361,7.4,456,Small,15.2,158.58,8581.05,17.63
S08,25/08/2025,No,0,285,4.5,456,Small,14.51,257.96,7334.39,16.83
S08,01/09/2025,Yes,0,356,6.7,456,Small,14.0,93.42,8242.23,16.24
S08,08/09/2025,No,0,328,0.2,456,Small,13.89,178.07,6908.41,16.11
S08,15/09/2025,No,0,350,8.2,456,Small,15.26,81.22,7546.78,17.7
S08,22/09/2025,No,0,360,16.0,456,Small,13.53,326.68,7884.84,15.69
S08,29/09/2025,No,0,332,13.1,456,Small,14.64,318.15,7199.44,16.98
S08,06/10/2025,No,0,267,5.8,456,Small,14.47,202.96,8142.38,16.79
S08,13/10/2025,No,0,315,6.7,456,Small,14.59,260.06,7934.7,16.92
S08,20/10/2025,No,0,290,7.8,456,Small,13.6,98.2,7013.63,15.78
S08,27/10/2025,No,0,310,0,456,Small,14.47,339.48,8376.25,16.79
S08,03/11/2025,No,0,327,14.5,456,Small,13.59,189.06,9190.25,15.76
S08,10/11/2025,No,0,341,1.4,456,Small,13.45,130.33,7809.7,15.6
S08,17/11/2025,No,0,261,8.5,456,Small,13.86,321.83,9153.85,16.08
S08,24/11/2025,Yes,0,374,5.6,456,Small,13.99,446.34,11233.05,16.23
S08,01/12/2025,No,0,233,9.5,456,Small,15.14,236.92,9652.22,17.56
S08,08/12/2025,Yes,1,354,0,456,Small,13.81,383.38,10112.36,16.02
S08,15/12/2025,No,1,294,9.2,456,Small,15.0,469.38,10668.88,17.4
S08,22/12/2025,No,1,307,6.6,456,Small,13.66,471.7,10969.03,15.85
S08,29/12/2025,No,0,282,7.0,456,Small,13.89,303.34,10828.14,16.11
